<?xml version="1.0" encoding="UTF-8"?>
<project-private xmlns="http://www.netbeans.org/ns/project-private/1">
    <editor-bookmarks xmlns="http://www.netbeans.org/ns/editor-bookmarks/2" lastBookmarkId="0"/>
    <open-files xmlns="http://www.netbeans.org/ns/projectui-open-files/2">
        <group>
            <file>file:/Users/colinilgen/Desktop/ColinIlgen/src/hungrysquirrel/Squirrel.java</file>
            <file>file:/Users/colinilgen/Desktop/ColinIlgen/src/hungrysquirrel/Peanut.java</file>
            <file>file:/Users/colinilgen/Desktop/ColinIlgen/src/hungrysquirrel/Movable.java</file>
            <file>file:/Users/colinilgen/Desktop/ColinIlgen/src/hungrysquirrel/Almond.java</file>
            <file>file:/Users/colinilgen/Desktop/ColinIlgen/src/hungrysquirrel/Wall.java</file>
            <file>file:/Users/colinilgen/Desktop/ColinIlgen/src/hungrysquirrel/Nut.java</file>
            <file>file:/Users/colinilgen/Desktop/ColinIlgen/src/hungrysquirrel/Maze.java</file>
            <file>file:/Users/colinilgen/Desktop/ColinIlgen/src/hungrysquirrel/HungrySquirrelGame.java</file>
            <file>file:/Users/colinilgen/Desktop/ColinIlgen/src/hungrysquirrel/Entity.java</file>
        </group>
    </open-files>
</project-private>
